"","GOOGL","EBAY","FB","YHOO","WU","VRSN","NFLX","TSS","FIS","ADP"
"dw_stat",1.98462967462222,1.99342560255403,1.99707718138096,2.00633650736449,1.99908284861331,1.98365058483625,1.99275993969744,1.98873393537974,2.02212718925008,1.99648449822979
"p_value",0.448921548016981,0.47894134179657,0.489045949413864,0.522095856414328,0.497172432974907,0.447973331571507,0.476703018057501,0.463931292093676,0.571742679702977,0.49000127237848
