"","GOOGL","EBAY","FB","YHOO","WU","VRSN","NFLX","TSS","FIS","ADP"
"LM_stat","1.33965148556125","0.429049814370465","8.18177724746611","5.12237729639957","1.19835740228481","10.2118143545462","2.06939452734358","2.96549165965426","0.923020844745465","39.3132305198022"
"P_value","0.995061284781972","0.999925623483056","0.415918169450353","0.744419806752449","0.996658131088307","0.2504730047248","0.978810214365893","0.936504410939682","0.998689503294736","4.29939432333715e-06"
